no,provinsi,kabkota,alamat,yayasan,pulau,lat,lng,flags
1,Aceh,Aceh Barat,"Desa Langung Meurebo, Aceh Barat",Yayasan Pemuda Santri Aceh Barat,Luar Jawa,4.15,96.13,
2,Aceh,Aceh Besar,Jl. Banda Aceh 0 Medan Desa Lampreh Ingin Jaya Aceh Besar,Yayasan Kurnia Jaya Abadi,Luar Jawa,5.4,95.5,
3,Aceh,Aceh Jaya,Jl. Meulaboh Banda Aceh Desa Leupe Jaya Aceh Jaya,Yayasan Kurnia Jaya Abadi,Luar Jawa,4.75,95.6,
4,Aceh,Aceh Selatan,Desa Tanjung Harapan,Yayasan Berkah Cahaya,Luar Jawa,3.2,97.18,
5,Aceh,Aceh Tamiang,Jl. Banda Aceh 0 Medan Ds Tualang Cut Manyak Payed Aceh Tamiang,Yayasan Makmur Maju Bersama,Luar Jawa,4.28,98,
6,Aceh,Aceh Tengah,"Jln. Putri Pukes, Kp. Lut Kala, Kebayakan",Yayasan Bebesen Gayo Bergizi Nusantara,Luar Jawa,4.62,96.85,
7,Aceh,Aceh Tenggara,Desa Biak Muli Pantai,Yayasan Alfaruqul Faqih Al Aziziyah,Luar Jawa,3.5,97.8,
8,Aceh,Aceh Timur,Jl. Alue Ie Mirah Desa Blang Paoh Julok Aceh Timur,Yayasan Nasabe Pangan Bergizi,Luar Jawa,4.85,97.8,
9,Aceh,Bener Meriah,"Kp. Purwosari, Bandar, Bener Meriah",Yayasan Bebesen Gayo Bergizi Nusantara,Luar Jawa,4.75,96.85,
10,Aceh,Gayo Lues,Jln Kutapanjang0blangkejeren Dusun Turun Junte Desa Rema Kutapanjang Gayo Lues,Yayasan Bebesen Gayo Bergizi Nusantara,Luar Jawa,3.98,97.3,
11,Aceh,Kota Banda Aceh,Jl. Pendidikan Desa Lamjabat Meuraxa Kota Banda Aceh,Yayasan Kurnia Cahaya Permata,Luar Jawa,5.55,95.32,
12,Aceh,Kota Banda Aceh,Jl. Seulanga Jurong Panglima Nyak Raja No. 318 Desa Lamlagang Banda Raya Kota Banda Aceh,Yayasan Makmur Maju Bersama,Luar Jawa,5.53673,95.33216,
13,Aceh,Kota Langsa,Desa Matang Seulimeng Langsa Barat Kota Langsa,Yayasan Makmur Maju Bersama,Luar Jawa,4.47,97.97,
14,Aceh,Kota Lhokseumawe,Jl. Pesantren Babul Huda Aceh Dusun Lhokumbang Desa Meunasah Alue,Yayasan Babul Huda Aceh Indonesia,Luar Jawa,5.18,97.15,
15,Aceh,Kota Sabang,Desa Ie Meulee Suka Jaya Kota Sabang,Yayasan Kurnia Cahaya Permata,Luar Jawa,5.89,95.32,
16,Aceh,Nagan Raya,Desa Blang Baro Kuala Nagan Raya,Yayasan Putri Ratu Ana,Luar Jawa,4.15,96.4,
17,Aceh,Pidie,Komplek Pemda No 12 Blang Paseh,Yayasan Cahaya Semesta Bersama,Luar Jawa,5.38,95.96,
18,Aceh,Pidie Jaya,Jl. Rel Desa Meunasayah Keudeu Bandar Baru Pidie Jaya,Yayasan Bustanul Fakri Aceh,Luar Jawa,5.25,96.2,
19,Aceh,Simeulue,Desa Labuhan Bakti Teupah Selatan,Yayasan Rumah Kita Indonesia,Luar Jawa,2.48,96.38,
20,Bali,Denpasar,"Jl. Sokasati, Gang Menori No.11, Sumerta Kelod, Kec. Denpasar Timur, Kota Denpasar, Bali",Yayasan Pendidikan Cakra Cemerlang Internasional,Luar Jawa,-8.67,115.21,
21,Bali,Denpasar,"Jl.Tukad Petanu, Gang Pipit No.8, Sidakarya, Denpasar Selatan, Bali",Yayasan Pendidikan Cakra Cemerlang Internasional,Luar Jawa,-8.68327,115.22216,
22,Banten,Kabupaten Serang,Jl. Kh Abdul Kabier Rt 012 Rw 003 Desa Kemuning Kec. Tunjung Teja Serang Prov Banten,Yayasan Shohibul Muslimin,Jawa,-6.15,106.15,
23,Banten,Kabupaten Tangerang,"Kp Korelet Desa Ranca Kelapa Kec. Panongan, Tangerang",Yayasan Hidayatul Hikmah Rajeg,Jawa,-6.2,106.53,
24,Banten,Kabupaten Tangerang,"Jalan - Cisoka, Cisoka, Kecamatan Cisoka Kabupaten Tangerang 15730",Yayasan Al- Munawwir Cendekia Mulia,Jawa,-6.21327,106.54216,
25,Banten,Kabupaten Tangerang,"Jalan Aria Jaya Santika Pasir Nangka Kecamatan Tigaraksa, Kabupaten Tangerang Banten, 15720",Yayasan Al- Munawwir Cendekia Mulia,Jawa,-6.19777,106.50464,
26,Banten,Kota Serang,"Jl. Ayip Usman No. 27 Serang, Kota Serang - Banten",Yayasan Puspa Indah Mitra Kreatif,Jawa,-6.12,106.15,
27,Banten,Kota Serang,"Jl. Kh Abdul Hadi, Cipare, Kec. Serang, Kota Serang, Banten 42117",Yayasan Puspa Indah Mitra Kreatif,Jawa,-6.13327,106.16216,
28,Banten,Kota Serang,"Jl. Penancangan Lama No.01, Rt.001/Rw.001, Panancangan, Kec. Cipocok Jaya, Kota Serang, Banten 42124",Yayasan Hidayatul Mubtadiin,Jawa,-6.11777,106.12464,
29,Banten,Kota Serang,"Jl. Raya Cilegon Drangong Serang, Banten No. Km 4, Drangong Kota Serang Banten",Yayasan Kemala Bhayangkari,Jawa,-6.10103,106.17474,
30,Banten,Kota Tangerang,Perum Griya Permata Jl. Kh. Ahmad Dahlan Blok B1 No. 9a Kelurahan Petir Cipondoh Kota Tangerang Provinsi Banten,Persada Nusa Bakti,Jawa,-6.18,106.63,
31,Banten,Kota Tangerang,Jl. Marsekal Suryadarma Rt.04/ Rw.07,Yayasan Hidayatul Hikmah Rajeg,Jawa,-6.19327,106.64216,
32,Banten,Kota Tangerang Selatan,"Jl. Ki Hajar Dewantara No. 12 Rt 03 Rw 07 Kel. Sawah, Kec. Ciputat, Tangerang Selatan",Yayasan Indonesia Food Security Review,Jawa,-6.29,106.72,
33,Banten,Kota Tangerang Selatan,"Jl. Bayangkara No.1, Rt.003/Rw.002, Desa/Kelurahan Pakujaya",Yayasan Indonesia Kulina Emas,Jawa,-6.30327,106.73216,
34,Banten,Serang,"Jl. Trip Jamaksari Komp. Bungur Indah Gg. Garuda No.17 Sumurpecung, Serang, Kota Serang, Banten",Yayasan Bina Prestasi,Jawa,-6.12,106.16,
35,DI Yogyakarta,Gunungkidul,"Jl. Taman Bakti, Jeruksari, Wonosari",Yayasan Tunas Mekar Cianjur,Jawa,-7.97,110.6,
36,DI Yogyakarta,Kulon Progo,"Karangwuluh Lor, Rt005/Rw003, Karangwuluh, Temon",Yayasan Mugi Berkah Lestari,Jawa,-7.83,110.16,
37,DI Yogyakarta,Sleman,"Jalan Godean Km. 8, Sidokarto, Kec. Godean, Sleman, Diy",Yayasan Indonesia Food Security Review,Jawa,-7.7,110.36,
38,DI Yogyakarta,Yogyakarta,"Jl Surami No 845, Mantrijeron",Yayasan Indonesia Food Security Review,Jawa,-7.8,110.37,
39,DKI Jakarta,Jakarta Selatan,"Jalan Kebayoran Lama Raya No. 35a Rt.004 Rw.010, Grogol Selatan Kebayoran Lama",Yayasan Taruna Mandiri Riau,Jawa,-6.28,106.81,
40,DKI Jakarta,Jakarta Selatan,"Jl. Siaga No.14, Rt.16/Rw.4, Pejaten Barat, Pasar Minggu, Jakarta Selatan, Daerah Khusus Ibujakarta 12510",Yayasan Kemala Bhayangkari,Jawa,-6.29327,106.82216,
41,DKI Jakarta,Jakarta Selatan,"Jl. Samali Ujung 1. Rt 011 Rw 04 Nomor 36 Pejaten Barat, Pasar Minggu",Yayasan Bakti Ibu Sejahtera,Jawa,-6.27777,106.78464,
42,DKI Jakarta,Jakarta Timur,"Jl. Cipinang Lontar Indah, Rt.10/Rw.6, Kelurahan Cipinang Muara, Jatinegara, Jakarta Timur, Daerah Khusus Ibukota Jakarta",Yayasan Pendidikan Al Qur'an Nurul Huda,Jawa,-6.25,106.9,
43,DKI Jakarta,Jakarta Timur,"Kampung Rawaterate Rt 001/002, Nomor 112",Pemuda Pewaris Kebaikan,Jawa,-6.26327,106.91216,
44,DKI Jakarta,Jakarta Timur,"Jl. Merpati 2, Rt.2/Rw.2, Kp. Tengah, Kec. Kramat Jati, Kota Jakarta Timur, Daerah Khusus Ibukota Jakarta",Yayasan Lumbung Unnati Utama,Jawa,-6.24777,106.87464,
45,DKI Jakarta,Jakarta Timur,"Jl. Raya Jatiwaringin, No. 42, Rt.05/Rw.05, Cipinang Melayu, Kec. Makasar, Jakarta Timur",Yayasan Rahmatan Lil Alamin Indonesia,Jawa,-6.23103,106.92474,
46,DKI Jakarta,Jakarta Timur,"Jl. Bekasi Timur Raya No.86, Rt.8/Rw.6, Cipinang, Kec. Pulo Gadung, Kota Jakarta Timur, Daerah Khusus Ibukota Jakarta.",Yayasan Kemala Bhayangkari,Jawa,-6.28545,106.89373,
47,DKI Jakarta,Jakarta Timur,"Jl. Merpati 2, Rt.2/Rw.2, Kp. Tengah, Kec. Kramat Jati, Kota Jakarta Timur, Daerah Khusus Ibukota Jakarta",Yayasan Lumbung Unnati Utama,Jawa,-6.21604,106.8784,
48,Gorontalo,Gorontalo,"Jl. Husin Bilondato, Ds. Mongolato, Telaga, Gorontalo, Prov. Gorontalo",Rumah Nurul Ilm,Luar Jawa,0.62,122.95,
49,Gorontalo,Pohuwato,"Jl. Umahani, Desa Marisa Utara, Marisa, Pohuwato",Rumah Nurul Ilm,Luar Jawa,0.45,121.85,
50,Jawa Barat,Bekasi,"Kp Cimahi Rt 07/Rw 03, Desa Sukamahi, Kecamatan Cikarang Pusat, Kabupaten Bekasi, Jawa Barat",Yayasan Timur Bangkit Peduli,Jawa,-6.25,107.15,
51,Jawa Barat,Bogor,Jl.M Bakri No 5b Rt 01/ Rw 02 Singajaya Jonggol Bogor 16830,Yayasan Indonesia Food Security Review,Jawa,-6.55,106.8,
52,Jawa Barat,Garut,"Jl. Garut - Tasikmalaya No.36, Rt.001/Rw.002, Ngamplangsari, Kec. Cilawu, Kabupaten Garut, Jawa Barat",Persyarikatan Muhammadiyah,Jawa,-7.22,107.9,
53,Jawa Barat,Karawang,"Jl. Pasundan No. 101, Adiarsa Barat, Kec. Karawang Barat, Karawang, Jawa Barat",Yayasan Indonesia Food Security Review,Jawa,-6.3,107.3,
54,Jawa Barat,Bandung,Kp Cimenteng Rt 02 Rw 16 Kel. Jagabaya Kec Cimaung,Yayasan Muhammad Ar Ravi Al Khaidar,Jawa,-7.02,107.52,
55,Jawa Barat,Bandung,Kp Pesanggrahan Rt 01 Rw 07 Ds Pangalengan Kec Pangalengan Bandung,Yayasan Buana Mutiara Insani,Jawa,-7.03327,107.53216,
56,Jawa Barat,Bandung,Ereng Wetan Rt01/Rw12 Ds Bojongemas Kec Solokan Jeruk Bandung,Yayasan Buana Mutiara Insani,Jawa,-7.01777,107.49464,
57,Jawa Barat,Bandung Barat,"Jl. Permata Cimahi Blok A No.7, Rt.005 Rw.012, Kelurahan Tanimulya",Yayasan Farisa Bakti Persada,Jawa,-6.83,107.48,
58,Jawa Barat,Bekasi,"Perum Vila Mutiara Cikarang B2 No 34 Desa Ciantra, Kec Cikarang Selatan, Bekasi Jawa Barat",Yayasan Nurut Thoyibah,Jawa,-6.26327,107.16216,
59,Jawa Barat,Bekasi,"Jl Bawang Raya 11 No 64 Rt 004 Rw 08 Desan Cimuning, Kec Mustikajaya, Kota Bekasi, Jawa Barat",Yayasan Nurut Thoyibah,Jawa,-6.24777,107.12464,
60,Jawa Barat,Bekasi,Perumahan Bumi Anggrek Blok Q No 8 Desa Rancasari Kec Tambun Utara Bekasi,Yayasan Mishbahul Huda Pamanukan,Jawa,-6.23103,107.17474,
61,Jawa Barat,Ciamis,"Jl. Ahmad Yani No.221 Rt 002 / Rw 002, Kel. Kertasari, Kec. Ciamis, Ciamis",Arroja Alarif Ciamis,Jawa,-7.33,108.35,
62,Jawa Barat,Ciamis,Dsn. Mekarmulya Rt 004 Rw 005 Ds. Jelat Kec. Baregbeg,Asra Bakti Maritim,Jawa,-7.34327,108.36216,
63,Jawa Barat,Ciamis,Jl. Puspalubis Bolenglang Kertasari Ciamis,Yayasan Pendidikan Pondok Pesantren Al Hasan,Jawa,-7.32777,108.32464,
64,Jawa Barat,Ciamis,Dusun Gunungrasa Rt 13 Rw 007 Desa Gunungcupu Kec Sindangkasih Ciamis,Yayasan Asra Bakti Maritim,Jawa,-7.31103,108.37474,
65,Jawa Barat,Cianjur,Jl. Abdullah Bin Nuh Rt 03 Rw 07 Desa Nagrak Kec Cianjur Jawa Barat 43211,Yayasan Tunas Mekar Cianjur,Jawa,-6.82,107.14,
66,Jawa Barat,Cianjur,Kp Rancagoong Rt 002 Rw 005 Desa Rancagoong Kec Cilaku Cianjur Jawa Barat 43285,Yayasan Tunas Mekar Cianjur,Jawa,-6.83327,107.15216,
67,Jawa Barat,Cianjur,"Kp. Sukawening Rt/Rw 003/001, Kelurahan Sukamekar, Desa Sukamekar, Kecamatan Sukanagara",Yayasan Aku Cinta Cianjur,Jawa,-6.81777,107.11464,
68,Jawa Barat,Cirebon,Jl. Pamengkang Raya No. 111 Rt 001/Rw 004,Yayasan Asra Bakti Maritim,Jawa,-6.75,108.55,
69,Jawa Barat,Garut,"Jl. Garut - Tasikmalaya No.36, Rt.001/Rw.002, Ngamplangsari, Kec. Cilawu, Kabupaten Garut, Jawa Barat",Persyarikatan Muhammadiyah,Jawa,-7.23327,107.91216,
70,Jawa Barat,Garut,"Jl. Raya Bayongbong - Garut No.Km, Rw. 1, Muara Sanding, Kec. Garut Kota, Kabupaten Garut, Jawa Barat 44119",Yayasan Mualaf Indonesia Timur,Jawa,-7.21777,107.87464,
71,Jawa Barat,Garut,Jl. Limbangan Barat No.16 Da. Cigagade,Yayasan Cahaya Wirabangsa,Jawa,-7.20103,107.92474,
72,Jawa Barat,Indramayu,Jl. Pesisir Syek Sama'un Rt 01 /Rw 08 Desa Dadap Kecamatan Juntinyuat Kabupaten Indramayu Provinsi Jawa Barat,Yayasan Buana Mutiara Insani,Jawa,-6.35,108.32,
73,Jawa Barat,Indramayu,Jln. Raya Jatibarang Kadipaten Desa Lajer Kec. Tukdana Indramayu,Yayasan Buana Mutiara Insani,Jawa,-6.36327,108.33216,
74,Jawa Barat,Karawang,"Dusun Krajan Rt 03 Rw 01 Desa Batujaya, Kec Batujaya, Karawang, Jawa Barat",Yayasan Nurut Thoyibah,Jawa,-6.31327,107.31216,
75,Jawa Barat,Karawang,"Jl. H. Mochamad Toyib, Dusun Cibuaya 1, Rt001/Rw001, Desa Cibuaya, Kec. Cibuaya, Karawang",Yayasan Pendidikan Islam Al Faridiyah,Jawa,-6.29777,107.27464,
76,Jawa Barat,Karawang,"Kp. Babakan Bogor Rt 01 Rw 05 Desa Dawuan Barat, Kec. Cikampek, Karawang",Yayasan Al Insyirah Firdausy Mobarok,Jawa,-6.28103,107.32474,
77,Jawa Barat,Karawang,Jln.Anjun Kanoman Kel.Karawang Kulon Kec.Karawang Barat,Yayasan Nurut Thoyibah,Jawa,-6.33545,107.29373,
78,Jawa Barat,Karawang,"Jl. Manunggal Xix, Pasirjengkol, Kec. Majalaya, Karawang, Jawa Barat 41388",Yayasan Pendidikan Alam Jaya,Jawa,-6.26604,107.2784,
79,Jawa Barat,Karawang,"Jl.Raya Pangkalan, Ds.Jatilaksana, Kec. Pangkalan, Karawang",Yayasan Alinsyirah Firdausy Mobarok,Jawa,-6.31145,107.34258,
80,Jawa Barat,Karawang,"Dsn. Barugbug Rt 003/002 Desa Wanasari, Kec.Telukjambe Barat, Karawang",Yayasan Alinsyirah Firdausy Mobarok,Jawa,-6.32195,107.25774,
81,Jawa Barat,Karawang,"Kp. Budaya Ds. Wadas, Kec. Telukjambe Timur, Karawang",Yayasan Alinsyirah Firdausy Mobarok,Jawa,-6.25218,107.31746,
82,Jawa Barat,Karawang,"Jl. Pasir Panggang Dusun Gempol Girang Rt 12 /Rw 7 Desa Sukamakmur, Telukjambe Timur, Karawang, Jawa Barat",Yayasan Naraya Jati Luhur,Jawa,-6.34991,107.3206,
83,Jawa Barat,Kota Bandung,Jl Elang No 37 Rt/Rw 03/11 Kelurahan Maleber Kecamatan Andir,Yayasan Suyono Mihartawijaya,Jawa,-6.92,107.61,
84,Jawa Barat,Kota Bandung,"Jl. Sahardjo, Kel. Sukamiskin, Kec. Arcamanik, Kota Bandung, Jawa Barat",Yayasan Kemala Bhayangkari,Jawa,-6.93327,107.62216,
85,Jawa Barat,Kota Bandung,"Jl.Raya Kopo No.176 , Babakan Asih , Kec. Bojong Loa Kaler , Kota Bandung,40232",Darul Akrim Inayah,Jawa,-6.91777,107.58464,
86,Jawa Barat,Kota Bandung,Jl. Brantas No. 30 Kota Bandung,Yayasan Desa Wisata Qur'an (Hamasah),Jawa,-6.90103,107.63474,
87,Jawa Barat,Kota Bandung,Jl.Rereongan Sarupi,Yayasan Amanah Puri Annisa,Jawa,-6.95545,107.60373,
88,Jawa Barat,Kota Bandung,"Jalan Pajajaran No 42, Pasir Kaliki, Bandung",Yayasan Cahaya Solid Berdaya,Jawa,-6.88604,107.5884,
89,Jawa Barat,Kota Bandung,Jl.Reog 21 Turangga Bandung,Amanah Puri Annisa,Jawa,-6.93145,107.65258,
90,Jawa Barat,Kota Bandung,"Jl. Ciwastra No. 189 Rt 006 Rw 008, Kel. Mekarjaya, Kec. Rancasari, Kota Bandung",Yayasan Amanah Puri Annisa,Jawa,-6.94195,107.56774,
91,Jawa Barat,Kota Bandung,Jl. Setrawangi Selatan I No.1 Rt 02 Rw 04 Sukagalih Sukajadi,Yayasan Suyono Mihartawijaya,Jawa,-6.87218,107.62746,
92,Jawa Barat,Kota Banjar,Jln.Ps Langensari Desa Muktisari,Yayasan Amanah Puri Annisa,Jawa,-7.37,108.53,
93,Jawa Barat,Kota Banjar,Dusun Pananjung Timur Rt 25 Rw 06,Yayasan Amanah Puri Annisa,Jawa,-7.38327,108.54216,
94,Jawa Barat,Kota Bekasi,"Jl. Kh. Agus Salim Gg. Angsana 1 No.158 Rt.008/Rw.007, Bekasi Jaya,",Yayasan Mishbahul Huda Pamanukan,Jawa,-6.24,106.99,
95,Jawa Barat,Kota Depok,"Jl. Alternatif Transyogi No. 23 Kel. Harjamukti, Kec. Cimanggis Depok",Yayasan Salam Mughni Abadi,Jawa,-6.4,106.82,
96,Jawa Barat,Kota Depok,"Jl. Mekarsari Raya No.15, Kel. Mekarsari, Cimanggis, Depok",Yayasan Bina Trubus Swadaya,Jawa,-6.41327,106.83216,
97,Jawa Barat,Kota Depok,"Jl. H. Sulaiman No.4, Rt.003/Rw.002, Bedahan, Kec. Sawangan, Kota Depok",Pt. Jak Farm Nusantara (Jj Catering),Jawa,-6.39777,106.79464,
98,Jawa Barat,Kota Depok,"Jl. K.H.M. Yusuf Raya No.3, Mekar Jaya, Kec. Sukmajaya, Kota Depok",Yayasan Salam Mughni Abadi,Jawa,-6.38103,106.84474,
99,Jawa Barat,Kota Sukabumi,Jl Arif Rahman Hakim No 75,Project Local Sukabumi,Jawa,-6.92,106.93,
100,Jawa Barat,Kota Tasikmalaya,Perum Griya Mangin Persada Blok. C No 37 Rt.04 Rw.05 Kel. Bungursari Kec. Bungursari Kota Tasikmalaya,Yayasan Asra Bakti Maritim,Jawa,-7.33,108.22,
101,Jawa Barat,Kota Tasikmalaya,Kp. Ranggon Rt. 001 Rw 003 Kel. Setianagara Kec. Cibeureum,Yayasan Amanah Puri Annisa,Jawa,-7.34327,108.23216,
102,Jawa Barat,Kota Tasikmalaya,"Jl. Terusan Bca No.8, Tuguraja, Kec. Cihideung, Tasikmalaya, Jawa Barat",Yayasan Madaarisul 'Uluum Cihideung Balong,Jawa,-7.32777,108.19464,
103,Jawa Barat,Kota Tasikmalaya,Jl. Cihideung Balong No. 46 Kel. Nagarawangi Kec.Cihideung Kota Tasikmalaya,Yayasan Amanah Puri Annisa,Jawa,-7.31103,108.24474,
104,Jawa Barat,Kota Tasikmalaya,"Jl. Ir. H. Juanda, Kel. Panglayungan, Kec. Cipedes, Kotatasikmalaya",Yayasan Asra Bakti Maritim,Jawa,-7.36545,108.21373,
105,Jawa Barat,Kota Tasikmalaya,"Jalan Noenoeng Tisnasaputra No. 29, Kahuripan, Tawang, Kota Tasikmalaya, Jawa Barat",Yayasan Madaarisul 'Uluum Cihideung Balong,Jawa,-7.29604,108.1984,
106,Jawa Barat,Kota Tasikmalaya,"Jl. Batik-Raya, Karsamenak, Kec. Kawalu, Tasikmalaya, Jawa Barat",Yayasan Madaarisul 'Uluum Cihideung Balong,Jawa,-7.34145,108.26258,
107,Jawa Barat,Kota Tasikmalaya,"Jl. Setiawargi, Setiawargi, Kec. Tamansari, Tasikmalaya, Jawa Barat",Yayasan Madaarisul 'Uluum Cihideung Balong,Jawa,-7.35195,108.17774,
108,Jawa Barat,Kota Tasikmalaya,Jl Setia Mulya Rt. 01 Rw 06 Kel. Setia Mulya Kec. Tamansari,Yayasan Amanah Puri Annisa,Jawa,-7.28218,108.23746,
109,Jawa Barat,Kota Tasikmalaya,Jalan Siliwangi No.97a/B Rt 01 Rw 08,Yayasan Asra Bakti Maritim,Jawa,-7.37991,108.2406,
110,Jawa Barat,Kuningan,Jl. Desa Sindangsuka Rt 003 Rw 002 Blok Puhun,Permata Bunda,Jawa,-6.98,108.48,
111,Jawa Barat,Pangandaran,"Desa Kertajaya, Dusun Kertajaya Rt/04, Rw/04, Kec. Mangunjaya, Pangandaran",Yayasan Amanah Puri Annisa,Jawa,-7.68,108.65,
112,Jawa Barat,Purwakarta,Jl. Raya Ciwangi Desa Ciwangi Kec. Bungur Sari Purwakarta,Yayasan Mishbahul Huda Pamanukan,Jawa,-6.56,107.44,
113,Jawa Barat,Subang,"Dusun Binong Tengah Rt/Rw 014/004, Desa Citrajaya, Kec. Binong",Yayasan Al Khawarizmi Eco Pedagogik,Jawa,-6.57,107.76,
114,Jawa Barat,Subang,Jl. Raya Jungklang No.08 Ds. Mulyasari Kec. Binong Subang 41253,Yayasan Mishbahul Huda Pamanukan,Jawa,-6.58327,107.77216,
115,Jawa Barat,Subang,Dusun Kertamukti Rt 06 Rw 2 Desa Jayamukti Kecamatan Blanakan Kabupaten Subang,Yayasan Mishbahul Huda Pamanukan,Jawa,-6.56777,107.73464,
116,Jawa Barat,Subang,Dusun Dukuh Tengah Rt.1 Rw.3 Ds. Dukuh Kec. Ciasem,Yayasan Mishbahul Huda Pamanukan,Jawa,-6.55103,107.78474,
117,Jawa Barat,Subang,"Kp. Babakan Simpar Rt/Rw 015/006, Desa Simpar, Kec. Cipunagara,",Yayasan Al Khawarizmi Eco Pedagogik,Jawa,-6.60545,107.75373,
118,Jawa Barat,Subang,Jl. Raya Dawuan Cisampih Desa. Dawuan Kidul Kecamatan Dawuan,Yayasan Mishbahul Huda Pamanukan,Jawa,-6.53604,107.7384,
119,Jawa Barat,Subang,Kp. Sukagalih Desa Sukamulya Kec. Pagaden Subang,Yayasan Graha Prima Kencana,Jawa,-6.58145,107.80258,
120,Jawa Barat,Subang,Jl. Raya Rancasari Km.4 Rt.10 / Rw.4 Ds. Rancasari,Yayasan Mishbahul Huda Pamanukan,Jawa,-6.59195,107.71774,
121,Jawa Barat,Subang,Jl. Cece Zakaria - Pamanukan,Yayasan Mishbahul Huda Pamanukan,Jawa,-6.52218,107.77746,
122,Jawa Barat,Subang,Jl. Ra Kartini No.55 Kel. Pasirkareumbi Kec. Subang,Yayasan Graha Prima Kencana,Jawa,-6.61991,107.7806,
123,Jawa Barat,Subang,Jl. Raya Pantura No. 09 Desa Batangsari Kecamatan Sukasari Kabupaten Subang,Yayasan Mishbahul Huda Pamanukan,Jawa,-6.54587,107.70844,
124,Jawa Barat,Subang,Kp. Kapol Desa Sirap Rt 19 Rw 05 Kec. Tanjungsiang,Yayasan Graha Prima Kencana,Jawa,-6.55213,107.81696,
125,Jawa Barat,Sukabumi,"Jl. Kadudampit No.Km. 3, Rt.16/Rw.03, Gunungjaya,",Yayasan Indonesia Food Security Review,Jawa,-7,106.8,
126,Jawa Barat,Sukabumi,"Jl. Cikiray Kidul, Sukamanah, Kec. Cisaat, Kabupaten Sukabumi, Jawa Barat 43152",Yayasan Sunanul Fitroh,Jawa,-7.01327,106.81216,
127,Jawa Barat,Sukabumi,"Jl. Merbabu No. 7, Kp Babakan Jampang Rt002/Rw010, Karang Tengah, Gunung Puyuh, Sukabumi, Jawa Barat",Yayasan Indonesia Food Security Review,Jawa,-6.99777,106.77464,
128,Jawa Barat,Sukabumi,Jl Sukabumi Cianjur Km 7 Kp Cipetir No 888 Desa. Prianganjaya Kec. Sukalarang,Gianty Kartika Jembar,Jawa,-6.98103,106.82474,
129,Jawa Barat,Sukabumi,Jl. Pelabuhan Ratu Kp. Baeud Rt01/Rw03 Desa. Warungkiara Kecamatan Warungkiara Kabupaten Sukabumi Prov. Jawa Barat,Yayasan Kiara Untuk Bangsa,Jawa,-7.03545,106.79373,
130,Jawa Barat,Sumedang,"Jl. Palasari No 15 003/001 Kotakulon, Sumedang Selatan, Sumedang",Yayasan Buana Mutiara Insani,Jawa,-6.86,107.92,
131,Jawa Barat,Sumedang,Marga Mulya I Rt.01 Rw.08 Desa Mekar Rahayu,Yayasan Insan Digdaya Mandala,Jawa,-6.87327,107.93216,
132,Jawa Barat,Sumedang,Jl. Raya Raden Ali Sadikin Ex Bengkel Lisna Motor,Kuwu Asti,Jawa,-6.85777,107.89464,
133,Jawa Barat,Tasikmalaya,Kp. Madur Rt. 002 Rw. 001 Bojongasih Kec. Bojongasih Tasikmalaya Jawa Barat,Yayasan Asra Bakti Maritim,Jawa,-7.45,108.1,
134,Jawa Barat,Tasikmalaya,Kp. Ranca Kuya Rt03/Rw03 Ds. Sukamantri,Yayasan Al- Hidayah Babakan Ciselang,Jawa,-7.46327,108.11216,
135,Jawa Barat,Tasikmalaya,"Kp. Banceuy, Rt. 04 Rw. 07 Desa. Singajaya, Kec. Cibalong, Tasikmalaya Jawa Barat 46185",Yayasan Asra Bakti Maritim,Jawa,-7.44777,108.07464,
136,Jawa Barat,Tasikmalaya,Jl.Cigalontang Rt 005 Rw 002 Desa Jayapura,Yayasan Al- Hidayatuttaufik,Jawa,-7.43103,108.12474,
137,Jawa Barat,Tasikmalaya,Jl Cilembang Rt.01 Rw.15 Kel. Cilembang Kec.Cihideung Tasikmalaya,Farnatul Muflihin,Jawa,-7.48545,108.09373,
138,Jawa Barat,Tasikmalaya,"Kp. Anggalasan Rt 001/ Rw 001, Desa Kertarahayu, Kec. Jatiwaras, Tasikmalaya",Yayasan Asra Bakti Maritim,Jawa,-7.41604,108.0784,
139,Jawa Barat,Tasikmalaya,"Jl. Karaha Bodas, Cirando 03/01, Desa Kadipaten, Kec Kadipaten",Yayasan Suyono Mihartawijaya,Jawa,-7.46145,108.14258,
140,Jawa Barat,Tasikmalaya,"Jl. Rta. Prawira Adiningrat No.11, Margaluyu, Kec. Manonjaya,",Yayasan Madaarisul 'Uluum Cihideung Balong,Jawa,-7.47195,108.05774,
141,Jawa Barat,Tasikmalaya,Jl. Warung Sumedang Rt 31 Rw O4 Desa Manonjaya Kec Manonjaya Tasikmalaya,Yayasan Asra Bakti Maritim,Jawa,-7.40218,108.11746,
142,Jawa Barat,Tasikmalaya,Kp. Cisumur Rt 21 Rw 07 Desa Margalaksana Kecamatan Sukaraja Kabupaten Tasikmalaya,Yayasan Amanah Puri Annisa,Jawa,-7.49991,108.1206,
143,Jawa Barat,Tasikmalaya,Jl. Raya Sukarame No . 08 Sukarame Tasikmalaya,Yayasan Amanah Puri Annisa,Jawa,-7.42587,108.04844,
144,Jawa Barat,Tasikmalaya,"Jl. Raya Cikalong, Kp Mangkabaya, Rt 005/ Rw 006 Desa Mandalajaya, Kec. Cikalong, Tasikmalaya",Yayasan Suyono Mihartawijaya,Jawa,-7.43213,108.15696,
145,Jawa Barat,Bogor,"Ruko Citra Indah Bukit Permai Blok O 01-12 Rt 00 Rw 012, Sukamaju,Jonggol Kab Bogor",Yayasan Olivia Alaniasi Bagi Pendidikan,Jawa,-6.56327,106.81216,
146,Jawa Barat,Purwakarta,"Jl. Gn. Sunda, kapling PEMDA, RT 005/RW 005, Kel. Ciseureuh, Kec. Purwakarta, Kab. Purwakarta",Yayasan AL Insyirah Firdausi Mubarok,Jawa,-6.57327,107.45216,
147,Jawa Barat,Purwakarta,"Kp. Gandasari RT 08 RW 03 Ds Cigelam, Kec. Babakancikaok Kab. Purwakarta",Yayasan AL Insyirah Firdausi Mubarok,Jawa,-6.55777,107.41464,
148,Jawa Barat,Bandung Barat,"Jl. Permata Cimahi Blok A No.7, Rt.005 Rw.012, Kelurahan Tanimulya",Yayasan Farisa Bakti Persada,Jawa,-6.84327,107.49216,
149,Jawa Tengah,Banyumas,"Jl.Raya Ajibarang - Bumiayu,Ds.Cikawung Rt 001 Rw 003. Kec.Pekuncen Banyumas",Bentang Banyumas Sejahtera,Jawa,-7.43,109.24,
150,Jawa Tengah,Banyumas,Jl Jend Soedirman Gg Ceremai No 12 Rt 01 Rw 09 Kel Rejasari Kec Purwokerto Barat Banyumas Jawa Tengah,Bentang Banyumas Sejahtera,Jawa,-7.44327,109.25216,
151,Jawa Tengah,Banyumas,Dusun Ii Karangmangu Desa Karangmangu Kec Baturraden Banyumas Jawatengah,Bentang Banyumas Sejahtera,Jawa,-7.42777,109.21464,
152,Jawa Tengah,Banyumas,Jl Wahid Hasyim No 77 Rt 03 Rw 10 Karang Klesem Kec Purwokerto Selatan Banyumas Jawa Tengah,Bentang Banyumas Sejahtera,Jawa,-7.41103,109.26474,
153,Jawa Tengah,Banyumas,"Jl. Stasiun, Nusamangir Rt 02 Rw 01, Kemranjen, Banyumas , Jawa Tengah",Bentang Banyumas Sejahtera,Jawa,-7.46545,109.23373,
154,Jawa Tengah,Banyumas,"Jl Stadion Mini I, Rt 005 Rw 004, Kel. Purwokerto Kulon",Alrahma Bhakti Jatisaba,Jawa,-7.39604,109.2184,
155,Jawa Tengah,Banyumas,"Jl A Yani Rt 02 Re 03, No 4 , Dusun Ii Sokaraja Kidul, Sokaraja Kidul, Kec. Sokaraja, Kabupaten Banyumas, Jawa Tengah",Alrahma Bhakti Jatisaba,Jawa,-7.44145,109.28258,
156,Jawa Tengah,Batang,"Jl. RE Martadinata No.250, Panjangkaran Kidul, Karangasem Utara, Kec. Batang, Kabupaten Batang, Jawa Tengah 51216",Yayasan Tirto Mirah Asih,Jawa,-6.91,109.73,
157,Jawa Tengah,Blora,"Jl Taman Makam Pahlawan, Kelurahan Tegalgunung, Kec. Blora, Blora",Yayasan Tri Boga Nusantara,Jawa,-6.97,111.42,
158,Jawa Tengah,Blora,"Jl. Randublatung - Cepu Km.4 Dukuh Jape Desa Sumberejo, Randublatung",Ittibaa Ul Ihsan,Jawa,-6.98327,111.43216,
159,Jawa Tengah,Brebes,"Karangsawah, Ds.Larangan, Kec. Larangan, Brebes",Yayasan Cahaya Al Barkah Bambuduri,Jawa,-6.9,108.9,
160,Jawa Tengah,Brebes,"Jl. Kyai Haji Muhtadi No.10 Rt.03/Rw.04 Desa Karangmalang, Kec.Ketanggungan,Brebes",Yayasan Nawa Bhakti Pertiwi Kuta (Ganti Yayasan),Jawa,-6.91327,108.91216,
161,Jawa Tengah,Brebes,Jl. D Sudrajat No.4 Rt 01 Rw 01 Desa Grinting Kec. Bulakamba Brebes,"Bumdes ""Moncer Bae""",Jawa,-6.89777,108.87464,
162,Jawa Tengah,Brebes,"Jl. Raya Benda, Benda Kec Sirampog Brebes Jawa Tengah",Yayasan Pendidikan Pondok Pesantren Al Hikmah 1,Jawa,-6.88103,108.92474,
163,Jawa Tengah,Jepara,"Jl. Ahmad Yani No.14, Rt 03 Rw 01, Kec. Jepara",Yayasan Annajah Insan Cendekia,Jawa,-6.59,110.67,
164,Jawa Tengah,Jepara,"Jl. Raya Welahan, Desa Kriyan, Rt 12 Rw 03, Kec. Kalinyamatan",Yayasan Annajah Insan Cendekia,Jawa,-6.60327,110.68216,
165,Jawa Tengah,Karanganyar,Grenjeng Rt 03 Rw 02. Desa Dayu. Kec. Gondangrejo. Karanganyar,Yayasan Melati Santina Utama,Jawa,-7.6,111.03,
166,Jawa Tengah,Kota Semarang,"Jl. Pengilon Ii, Bringin, Kec. Ngaliyan, Kota Semarang, Jawa Tengah 50189",Yayasan Tirto Mirah Asih,Jawa,-6.97,110.42,
167,Jawa Tengah,Kudus,Dusun Pecinan Rt 3 Rw 1 Desa Bulungcangkring Kec. Jekulo Kudus,Yayasan Al Chalimi,Jawa,-6.8,110.84,
168,Jawa Tengah,Pati,"Tambakromo,Kec Tambakromo",Yayasan Panji Merah Putih 07,Jawa,-6.75,111.04,
169,Jawa Tengah,Purbalingga,"Rt 2/Rw 10 Dusun 5, Desa Kajongan, Kec. Bojongsari, Purbalingga",Yayasan Al Amin Brubahan Barokah,Jawa,-7.39,109.36,
170,Jawa Tengah,Purworejo,"Jl. Magelang Km 11, Rt 003/004, Kaliboto, Kecamatan Bener, Kabupaten Purworejo, Jawa Tengah",Yayasan Nastiti Harapan Mulia,Jawa,-7.71,110.01,
171,Jawa Tengah,Purworejo,"Rt 01/ Rw 05, Bandung, Kutoarjo, Purworejo",Yayasan Dapur Khadija Aisyah,Jawa,-7.72327,110.02216,
172,Jawa Tengah,Purworejo,"Depokrejo Rt01 / Rw01, Kecamatan Ngombol, Kabupaten Purworejo",Yayasan Miftahus Shudur Kedunglo,Jawa,-7.70777,109.98464,
173,Jawa Tengah,Surakarta,Jl. Brigjen Slamet Riyadi No. 392,Yayasan Sri Abadi Makmur,Jawa,-7.57,110.83,
174,Jawa Tengah,Kota Tegal,Perumahan Jaya Permai Jl. Abdul Syukur No.6 Rt.01 Rw. 13 Kel. Margadana Kec. Margadana Kota Tegal - Jateng,Yayasan Insan Membangun Indonesia,Jawa,-6.87,109.14,
175,Jawa Tengah,Magelang,"Jl. Mayjend Bambang Soegeng Km 5, Sumberrejo, Mertoyudan, Magelang",Persyarikatan Muhammadiyah,Jawa,-7.48,110.22,
176,Jawa Tengah,Sragen,"Jl Batanghari Sumengko, Sragen Tengah, Sragen",Persyarikatan Muhammadiyah,Jawa,-7.43,111.02,
177,Jawa Tengah,Grobogan,"Jl. D. I. Panjaitan No.11, Brambangan, Purwodadi, Kec. Purwodadi, Kabupaten Grobogan, Jawa Tengah",Yayasan Insan Membangun Indonesia,Jawa,-7.09,110.92,
178,Jawa Tengah,Kota Semarang,"Kawasan Atem Technopark Jl. Kol. Warsito Soegiarto Km 2,5 Kelurahan Sadeng, Kecamatan Gunungpati, Kota Semarang, Jawa Tengah",Yayasan Bina Bangsa,Jawa,-6.98327,110.43216,
179,Jawa Timur,Bondowoso,"Jl. Raya Dadapan No. 17- 19 Km 07, Dadapan, Kec. Grujugan",Yayasan Al- Ishlah Bondowoso,Jawa,-7.91,113.82,
180,Jawa Timur,Gresik,Perumahan Jaya Permai Jl. Abdul Syukur No.6 Rt.01 Rw. 13 Kel. Margadana Kec. Margadana Kota Tegal - Jateng,Yayasan Sentra Tama Edukasi Indonesia,Jawa,-7.16,112.65,alamat_luar_provinsi
181,Jawa Timur,Jember,"Jl. Cempedak No. 97, Rt 04/Rw 06, Lingkungan Kreongan Atas, Kel Jember Lor, Kec Patrang, Jember, Jawa Timur",Yayasan Pondok Pesantren Bustanul Ulum,Jawa,-8.17,113.7,
182,Jawa Timur,Kota Kediri,"Jl. Imam Bonjol, Ngadirejo, Kec. Kota, Kota Kediri, Jawa Timur 64122",Yayasan Harapan Anak Sekolah Sukses,Jawa,-7.82,112.01,
183,Jawa Timur,Kota Madiun,"Jl. Sedoro No.20, Banjarejo, Kec.Taman, Kota Madiun",Yayasan Karya Indonesia Emas,Jawa,-7.63,111.52,
184,Jawa Timur,Kota Malang,Jl. Yos Sudarso No 14 Kasin Kec.Klojen Kota Malang,Yayasan Salman Peduli Berkarya,Jawa,-7.98,112.63,
185,Jawa Timur,Kota Surabaya,"Kesatrian Marinir Ewa Pangalila Kodikmar Jl. Golf 1 No 1, Kelurahan Gunung Sari, Kecamatan Dukuh Pakis, Kota Surabaya, Provinsi Jawa Timur 60224",Yayasan Salman Peduli Berkarya,Jawa,-7.26,112.75,
186,Jawa Timur,Kota Surabaya,"Jl Kesatrian Sutedi Senaputra, Kel Karangpilang, Kec Karangpilang, Kota Surabaya, Jawa Timur",Yayasan Salman Peduli Berkarya,Jawa,-7.27327,112.76216,
187,Jawa Timur,Kota Surabaya,Jl Ngagel Jaya Barat No.8 Kel Pucang Sewu Kec Gubeng Kota Surabaya Jawa Timur,Yayasan Oda Masa Depan Utama,Jawa,-7.25777,112.72464,
188,Jawa Timur,Lamongan,"Jl. Raya Plaosan - Babat No. 51, Kec. Babat, Lamongan, Jawa Timur",Yayasan As - Salaam,Jawa,-7.12,112.42,
189,Jawa Timur,Mojokerto,"Komplek Pp. Amanatul Ummah, Jl. Raya Kh. Abdul Chalim No.1, Paras, Kembangbelor, Kec. Pacet, Mojokerto, Jawa Timur 61374",Yayasan Amanatul Ummah Surabaya,Jawa,-7.55,112.48,
190,Jawa Timur,Mojokerto,"Jl. Tirtowening No. 2 Kembang, Belor, Kembangbelor, Kec. Pacet, Kabupaten Mojokerto, Jawa Timur",Yayasan Amanatul Ummah Surabaya,Jawa,-7.56327,112.49216,
191,Jawa Timur,Pamekasan,"Jl. Raya Banyubulu Rt004 Rw004, Desa Banyubulu, Kec. Proppo, Pamekasan",Yayasan Abdul Mu'thi Pamekasan,Jawa,-7.16,113.48,
192,Jawa Timur,Pamekasan,"Jl. Raya Teja, Rw. 03 Desa Jungcangcan, Kec Pamekasan, Pamekasan, Jawa Timur",Yayasan Insan Kamil,Jawa,-7.17327,113.49216,
193,Jawa Timur,Banyuwangi,Dusun Krajan-Desa Tamansari,Mas Ami Internasional,Jawa,-8.22,114.37,
194,Jawa Timur,Pamekasan,"Jl. Raya Sotabar, Dsn. Rokem Barat, Ds. Sotabar, Kec. Pasean, Pamekasan, Jawa Timur",Yayasan Pendidikan Sosial Dan Dakwah Darus Salam,Jawa,-7.15777,113.45464,
195,Jawa Timur,Pamekasan,"Dusun Bagunung, Desa Ponjanan Timur, Kec Batu Marmar Pamekasan",Yayasan Pendidikan Sosial Dan Dakwah Darus Salam,Jawa,-7.14103,113.50474,
196,Kalimantan Barat,Ketapang,"Jl. Irama Samudra Desa Suka Baru, Kec. Benua Kayong, Ketapang",Yasasan Ibnul Hasan Bercita,Luar Jawa,-1.85,109.98,
197,Kalimantan Barat,Ketapang,"Jl. Gatot Subroto Desa Paya Kumang, Kec.Delta Pawan, No. 140",Yasasan Ibnul Hasan Bercita,Luar Jawa,-1.86327,109.99216,
198,Kalimantan Barat,Ketapang,"Jl. Pesaguan Kanan, Kec Matan Hilir Selatan, Kab. Ketapang",Yayasan Nur Ilahi Al-Islami,Luar Jawa,-1.84777,109.95464,
199,Kalimantan Selatan,Hulu Sungai Selatan,"Jl. A. Yani Km. 4 Rt.002 Rw.001 Gambah Luar, Kandangan",Yayasan Al Futuwwah Kandangan,Luar Jawa,-2.79,115.26,
200,Kalimantan Selatan,Hulu Sungai Tengah,"Jl. P. H. M. Noor, Kelurahan Barabai Barat",Yayasan Al Futuwwah Kandangan,Luar Jawa,-2.58,115.38,
201,Kalimantan Selatan,Kota Banjarmasin,Jl. Simpang Telawang No. 52 Rt. 07 Rw.01 Kelurahan Kertak Baru Ilir,Yayasan Cahaya Kesejahteraan Madani,Luar Jawa,-3.32,114.59,
202,Kalimantan Selatan,Kotabaru,"Jl Hidayah Rt 013, Semayap",Yayasan Cahaya Kesejahteraan Madani,Luar Jawa,-3.24,116.17,
203,Kalimantan Selatan,Tanah Bumbu,Jl. Kodeko Km.2 Desa Gunung Antasari,Yayasan Cahaya Kesejahteraan Madani,Luar Jawa,-3.45,115.95,
204,Kalimantan Selatan,Tanah Laut,Jl. Empat Lima No.18 Sarang Halang,Yayasan Cahaya Kesejahteraan Madani,Luar Jawa,-3.8,114.77,
205,Kalimantan Selatan,Tapin,Jl. Jendral Sudirman Komplek Griya Rantau Asri Blok C No 05,Yayasan Forum Relawan Jaber,Luar Jawa,-2.92,115.15,
206,Kepulauan Bangka Belitung,Bangka Barat,Jl. Gang Bioskop Rt 15 Rw 15 Kelurahan Kelapa,Yayasan Prabu Center Kosong Delapan,Luar Jawa,-2.07,105.17,
207,Kepulauan Bangka Belitung,Pangkal Pinang,Jl. Adhiyaksa Kelurahan Kacang Pedang Kec. Gerunggang Kota Pangkalpinang Provinsi Bangka Belitung,Yayasan Prabu Center Kosong Delapan,Luar Jawa,-2.13,106.11,
208,Kepulauan Riau,Karimun,Perumahan Bukit Balai Permai. Jln Kenanga No 53. Kelurahan Kapling Rt 01 Rw 02 Tebing Kanupaten Karimun Provinsi Kepulauan Riau,Yayasan Kali Kedua Indonesia,Luar Jawa,1,103.42,
209,Kepulauan Riau,Kota Batam,"Blok D No. 18, Jl. Tiban I, Patam Lestari",Yayasan Mataram Jaya Sentosa,Luar Jawa,1.08,104.03,
210,Kepulauan Riau,Kota Batam,Teluk Pandan Blok G No 5 Kec. Batu Aji Kota Batam,Pasundan Bakti Pertiwi,Luar Jawa,1.06673,104.04216,
211,Kepulauan Riau,Batam,Pantai Mak Dare Kampung Melayu Rt.01 / Rw.08. Kelurahan Batu Besar Kecamatan Nongsa Batam,Darush Sholihin Batam,Luar Jawa,1.08,104.03,
212,Kepulauan Riau,Karimun,"Jl. Parit Baru Rt 005/Rw 001, Desa Sei Sebesi, Kab. Karimun, Kundur",Darush Sholihin Batam,Luar Jawa,0.98673,103.43216,
213,Kepulauan Riau,Kota Batam,"Ruko Greenland Block V No. 4 Rt 005 /Rw002, Kel. Teluk Tering, Kec, Batam Kota",Darush Sholihin Batam,Luar Jawa,1.08223,104.00464,
214,Lampung,Bandar Lampung,Pengajaran,Yayasan Alrafaeyza Malik Nurman,Luar Jawa,-5.43,105.26,alamat_minim
215,Lampung,Bandar Lampung,Sukarame,Yayasan Alrafaeyza Malik Nurman,Luar Jawa,-5.44327,105.27216,alamat_minim
216,Lampung,Lampung Selatan,"Jl.Raya Pemanggilan Dusun, Jl. Srimulyo 2 Gg. Sejahtera 5, Pemanggilan,Kec.Natar,Lampung Selatan",Bassam Catering,Luar Jawa,-5.55,105.55,
217,Lampung,Lampung Selatan,"Dusun Iv Rt012/007 Gg. Kutilang, Way Hui, Kec. Jati Agung, Lampung Selatan",Juno Catering,Luar Jawa,-5.56327,105.56216,
218,Lampung,Mesuji,"Brabasan, Kec. Tj. Raya, Kabupaten Mesuji, Lampung",Berkah Manfaat,Luar Jawa,-3.92,105.58,
219,Lampung,Pesawaran,"Jl. A. Yani, Ds. Tamansari, Kec. Gedong Tataan, Pesawaran",Dapur Syalu,Luar Jawa,-5.42,105.15,
220,Lampung,Tulang Bawang,"Jl. Ethanol Rt. 01 Rw.06 Ds. Tunggal Warga, Kec. Banjar Agung, Tulang Bawang",Dapur Berlian,Luar Jawa,-4.48,105.5,
221,Lampung,Tulang Bawang Barat,"Pulung Kencana Rk 2/Rt 3, Kec. Tulang Bawang Tengah, Tulang Bawang Barat",Catering Barokah Permai,Luar Jawa,-4.42,105.1,
222,Lampung,Lampung Selatan,Natar,Yayasan Alrafaeyza Malik Nurman,Luar Jawa,-5.54777,105.52464,alamat_minim
223,Lampung,Lampung Timur,"Desa Taman Cari, Kec. Purbolinggo, Lampung Timur, Rt/Rw: 015/07",Yayasan Indonesia Food Security Review,Luar Jawa,-5.1,105.57,
224,Lampung,Lampung Timur,Srimenanti,Ahmad Faisol Sb,Luar Jawa,-5.11327,105.58216,alamat_minim
225,Lampung,Pesawaran,Kurungan Nyawa,Yayasan Alrafaeyza Malik Nurman,Luar Jawa,-5.43327,105.16216,
226,Lampung,Pringsewu,Tulung Agung,Yayasan Bangun Sukses Mandiri,Luar Jawa,-5.36,104.97,
227,Lampung,Way Kanan,Lembahsung,Yayasan Prabu Center Kosong Delapan,Luar Jawa,-4.4,104.55,alamat_minim
228,Lampung,Way Kanan,Tamansari,Yayasan Prabu Center Kosong Delapan,Luar Jawa,-4.41327,104.56216,alamat_minim
229,Lampung,Way Kanan,Bakti Nagara,Yayasan Cahaya Langowan Nusantara,Luar Jawa,-4.39777,104.52464,
230,Maluku,Kota Ambon,"Jl. Raya Stain, Batu Merah, Kota Ambon",Yayasan Seram Raya Al Aziz,Luar Jawa,-3.7,128.18,
231,Maluku,Kota Ambon,"Jl.Amanhuse, Lorong Sipadore Desa Erie",Yayasan Pelangi Maluku,Luar Jawa,-3.71327,128.19216,
232,Maluku,Kota Ambon,"Jl. Dr. Kayadoe, Kel Kudamati, Nusaniwe Kota Ambon",Yayasan Pelangi Maluku,Luar Jawa,-3.69777,128.15464,
233,Maluku,Seram Bagian Barat,"Desa Kamal, Kairatu Barat",Yayasan Seram Raya Al Aziz,Luar Jawa,-3.2,128.3,
234,Papua,Kabupaten Jayapura,Puspenka Hawai Sentani Kab. Jayapura,Yayasan Prabu 08,Luar Jawa,-2.57,140.52,
235,Papua,Kabupaten Jayapura,Jl. Raya Kemiri Sentani Kab. Jayapura Samping Saga Fresh Pasar Baru,Yayasan Prabu 08,Luar Jawa,-2.58327,140.53216,
236,Papua,Kabupaten Jayapura,"Kompleks Sit Insan Cendekia Jayapura, Jl. Yowanibi, Rt.001/Rw.011, Doyo Baru, Distrik Waibu, Kabupaten Jayapura, Papua 99369",Yayasan Insan Cendikia Jayapura,Luar Jawa,-2.56777,140.49464,
237,Papua,Kabupaten Jayapura,"Jalan Samping Kantor Kelurahan Sentani Kota, Kec. Sentani, Kabupaten Jayapura, Papua 99359",Yayasa Kasih Iman Samuel Papua,Luar Jawa,-2.55103,140.54474,
238,Papua,Sarmi,Jl. Basecamp Sarmi,Yayasan Pendidikan Dan Persekolahan Katolik Fransiskus Asisi,Luar Jawa,-1.87,138.75,
239,Papua,Kepulauan Yapen,"Jln. Pertamina, Rt.001/001, Barawaikap, Yapen Selatan.",Kitong Bisa,Luar Jawa,-1.87,136.23,
240,Papua,Kota Jayapura,"Jl. Raya Abepura(Depan Kantor Samsat), Kel. Kotabaru , Kec. Abepura, Kota Jayapura, Papua",Yayasan Bersama Berkarya Papua,Luar Jawa,-2.53,140.7,
241,Papua,Kota Jayapura,"Jl. Tobati Holtekamp Pantai Hamadi, Kec. Jayapura Selatan",Yayasan Anak Sehat Berkualitas,Luar Jawa,-2.54327,140.71216,
242,Papua Barat,Kaimana,"Jl. Perumahan Dpr Air Tiba, Kelurahan Krooy, Kecamatan Kaimana, Kaimana",Yayasan Kasih El- Shaday,Luar Jawa,-3.66,133.77,
243,Papua Barat,Kaimana,"Jl Pasir Lombo, Bantemi, Kelurahan Krooy, Kecamatan Kaimana, Kaimana",Yayasan Kasih El- Shaday,Luar Jawa,-3.67327,133.78216,
244,Papua Barat,Teluk Bintuni,Jalur 1 Sp.5 Kampung Argosigemerai,Rannuan Sangtorayaan Manokwari,Luar Jawa,-2.1,133.52,
245,Papua Barat Daya,Kota Sorong,"Jl. Pendidikan No. 22, Kel. Klabulu, Distrik Malaimsimsa, Kota Sorong Papua Barat Daya",Yayasan Keadilan Papua Sejahtera,Luar Jawa,-0.88,131.25,
246,Papua Pegunungan,Jayawijaya,"Jl. Bhayangkara, Distrik Wamena Kota, Kel. Sinakma, Jayawijaya, Prov. Papua Pegunungan.",Yayasan Kitong Bisa,Luar Jawa,-4.1,138.95,
247,Papua Pegunungan,Jayawijaya,"Jl. Bhayangkara, Kec. Wamena, Jayawijaya",Yayasan Pendidikan Islam ( Yapis ) Di Tanah Papua,Luar Jawa,-4.11327,138.96216,
248,Papua Tengah,Mimika,Jl. Cendrawasih Sp.3 Kuala Kendana Kelurahan Karang Senang Papua Tengah,Yayasan Kitong Bisa,Luar Jawa,-4.55,136.89,
249,Riau,Indragiri Hilir,"Jl. Kapten Mukhtar No. 12, Tagaraja, Kateman, Indragiri Hilir, Riau",Yayasan Komunitas Emak Sehat Inhil,Luar Jawa,-0.32,103.16,
250,Riau,Kota Pekanbaru,Jl Ega V No 7-8 Kel Sidomulyo Barat Kec Tuah Madani Kota Pekanbaru,Yayasan Sinergi Setia Tani,Luar Jawa,0.51,101.44,
251,Riau,Rokan Hilir,Jl. Lintas Ujung Tanjung - Bagan Siapiapi. Km 35. Pematang Batu Hampar. Kec. Batu Hampar. Rokan. Hilir,Yayasan Intan Permata Rokan Hilir,Luar Jawa,2.15,100.82,
252,Sulawesi Barat,Majene,Sirindu,Yayasan Pundi Amal Nusantara,Luar Jawa,-3.55,118.97,alamat_minim
253,Sulawesi Barat,Polewali Mandar,Jl. H. Andi Depu Kel. Takatidung,Darul Ilhamiyah Nusantara,Luar Jawa,-3.43,119.35,
254,Sulawesi Selatan,Bantaeng,"Jl. Bangau No. A31, Kel. Pallantikang",Cahaya Bumi Angkasa,Luar Jawa,-5.48,119.98,
255,Sulawesi Selatan,Bantaeng,Panaikang Kel. Bonto Manai,Cahaya Bumi Angkasa,Luar Jawa,-5.49327,119.99216,
256,Sulawesi Selatan,Bone,Jl. Reformasi,Wakaf Tunai Indonesia,Luar Jawa,-4.54,120.33,
257,Sulawesi Selatan,Bone,Jl. Poros Laccori (Samping Pasar Baru Pattiro),Wakaf Tunai Indonesia,Luar Jawa,-4.55327,120.34216,
258,Sulawesi Selatan,Bulukumba,"Jln. Dr. Samratulangi No.Lr.2, Caile",Darul Ilhamiyah Nusantara,Luar Jawa,-5.55,120.2,
259,Sulawesi Selatan,Bulukumba,Jalanjang,Yayasan Perguruan Amanna Gappa Indonesia,Luar Jawa,-5.56327,120.21216,alamat_minim
260,Sulawesi Selatan,Bulukumba,Kalumeme,Yayasan Bowo Garuda Indonesia,Luar Jawa,-5.54777,120.17464,alamat_minim
261,Sulawesi Selatan,Bulukumba,Caile,Sinar Cerah Masa Kini,Luar Jawa,-5.53103,120.22474,alamat_minim
262,Sulawesi Selatan,Gowa,Sokkolia,Cahaya Bumi Angkasa,Luar Jawa,-5.31,119.55,alamat_minim
263,Sulawesi Selatan,Gowa,"Bontocinde, Panakkukang",Cahaya Bumi Angkasa,Luar Jawa,-5.32327,119.56216,
264,Sulawesi Selatan,Gowa,Bili-Bili,Wakaf Tunai Indonesia,Luar Jawa,-5.30777,119.52464,alamat_minim
265,Sulawesi Selatan,Gowa,"Jl. Poros Galesong, Limbung",Nurul Ilham Makassar,Luar Jawa,-5.29103,119.57474,
266,Sulawesi Selatan,Gowa,"Jln Sultan Hasanuddin No. 40, Pandang-Pandang",Nurul Ilham Makassar,Luar Jawa,-5.34545,119.54373,
267,Sulawesi Selatan,Luwu Timur,Ussu,Yayasan Bowo Garuda Indonesia,Luar Jawa,-2.62,121.09,alamat_minim
268,Sulawesi Selatan,Makassar,Emy Saelan,Cahaya Bumi Angkasa,Luar Jawa,-5.15,119.43,alamat_minim
269,Sulawesi Selatan,Makassar,Gunung Sari,Nurul Ilham Makassar,Luar Jawa,-5.16327,119.44216,alamat_minim
270,Sulawesi Selatan,Makassar,Jl. Racing Centre,Nurul Ilham Makassar,Luar Jawa,-5.14777,119.40464,
271,Sulawesi Selatan,Makassar,Bangkala,Yasika Center Indonesia,Luar Jawa,-5.13103,119.45474,alamat_minim
272,Sulawesi Selatan,Makassar,Batua,Yayasan Perguruan Amanna Gappa Indonesia,Luar Jawa,-5.18545,119.42373,alamat_minim
273,Sulawesi Selatan,Maros,"Jl. Jemb. Lama No. 75, Bontoa",Wakaf Tunai Indonesia,Luar Jawa,-5,119.57,
274,Sulawesi Selatan,Maros,Maccini Baji,Hikmah Lewai Berkah,Luar Jawa,-5.01327,119.58216,
275,Sulawesi Selatan,Maros,Bontoa,Yayasan Pesantren Mandiri Makasar,Luar Jawa,-4.99777,119.54464,alamat_minim
276,Sulawesi Selatan,Pangkajene Dan Kepulauan,Jl. Poros Biringkassi,Cahaya Bumi Angkasa,Luar Jawa,-4.83,119.55,
277,Sulawesi Selatan,Pangkajene Dan Kepulauan,"Jl. Ambarala No 20, Tumampua",Cahaya Bumi Angkasa,Luar Jawa,-4.84327,119.56216,
278,Sulawesi Selatan,Pinrang,Lanrisang,Berkah Ininnawa Nusantara,Luar Jawa,-3.79,119.65,alamat_minim
279,Sulawesi Selatan,Pinrang,Maccorawalie,Yayasan Biharul Ulum Ma'arif,Luar Jawa,-3.80327,119.66216,alamat_minim
280,Sulawesi Selatan,Pinrang,Temmassarangnge,Yayasan Bowo Garuda Indonesia,Luar Jawa,-3.78777,119.62464,alamat_minim
281,Sulawesi Selatan,Sidenreng Rappang,Rijang Pittu,Yayasan Bowo Garuda Indonesia,Luar Jawa,-3.86,119.98,
282,Sulawesi Selatan,Soppeng,Jl. Kemakmuran No. 77 Lemba,Nurul Ilham Makassar,Luar Jawa,-4.35,119.89,
283,Sulawesi Selatan,Gowa,Jalan Poros Pallangga Desa Jenetallasa,Yayasan Cahaya Langowan Nusantara,Luar Jawa,-5.27604,119.5284,
284,Sulawesi Selatan,Bulukumba,"Jl. Dato Tiro Ela-ela, Kelurahan Kalumeme",Yayasan Bowo Garuda Indonesia,Luar Jawa,-5.58545,120.19373,
285,Sulawesi Selatan,Pinrang,Temmassarangnge,Yayasan Bowo Garuda Indonesia,Luar Jawa,-3.77103,119.67474,alamat_minim
286,Sulawesi Selatan,Makassar,Jl. Pettarani 2 Kel. Tamamaung Kota Makassar,Yayasan Tangan Fatima Bekerja,Luar Jawa,-5.11604,119.4084,
287,Sulawesi Selatan,Bantaeng,Jl. Gagak Kel. Palantikang Kab. Bantaeng,Yayasan Pendidikan Akasyah,Luar Jawa,-5.47777,119.95464,
288,Sulawesi Selatan,Pinrang,"Jl. Brigjen Katamso No. 27, Kel. Maccorawalie, Kode Pos 91212",Yayasan Organisasi Masyarakat Sipil Barisan Rakyat Peduli,Luar Jawa,-3.82545,119.64373,
289,Sulawesi Selatan,Maros,"Jl. poros makassar maros Darul Istiqamh, KM 25, Kelurahan Bontoa",Yayasan Pesantren Mandiri Makassar,Luar Jawa,-4.98103,119.59474,
290,Sulawesi Selatan,Pinrang,"Jl. Ir Juanda, Kelurahan Maccorawalie, Kecamatan Watang Sawitto, Kabupaten Pinrang, Sulawesi Selatan",Yayasan Biharul Ulum Ma'arif,Luar Jawa,-3.75604,119.6284,
291,Sulawesi Selatan,Makassar,"Jl. Asrama Haji Sudiang, Kel Bakung",Bentara Sejarah Sulawesi,Luar Jawa,-5.16145,119.47258,
292,Sulawesi Selatan,Gowa,Jl Tambora Land III Tamanyeleng Kec Barombong Kab Gowa,Yayasan Pendidikan Akasyah,Luar Jawa,-5.32145,119.59258,
293,Sulawesi Selatan,Gowa,"Jl. Poros Sungguminasa Takalar, Kel. Mataallo, Kec. Bajeng, Kab. Gowa",Yayasan Pendidikan Akasyah,Luar Jawa,-5.33195,119.50774,
294,Sulawesi Selatan,Toraja Utara,"Jln.Pongtiku No. 46 Ranteapo, Toraja Utara",Peleton Media Kasih,Luar Jawa,-2.97,119.9,
295,Sulawesi Selatan,Kepulauan Selayar,"Jl. Sutoyo No. 4, Kel. Benteng, Kec. Benteng, Kab. Kepulauan Selayar",Yayasan Planet Bumi Indonesia,Luar Jawa,-6.12,120.46,
296,Sulawesi Selatan,Pinrang,"Jl. Monginsidi, Kel. Pacongang, Kec. Paleteang",Yayasan Wahana Penelitian dan Pengembangan Daerah,Luar Jawa,-3.80145,119.69258,
297,Sulawesi Tengah,Toli Toli,Panasakan,Yayasan Berkat Gemilang Nusantara,Luar Jawa,1.05,120.8,alamat_minim
298,Sulawesi Tenggara,Bombana,"Jln. Ahmad Yani, Kasipute",Darul Ilhamiyah Nusantara,Luar Jawa,-4.6,121.85,
299,Sulawesi Tenggara,Kendari,Wowawanggu,Yayasan Lazuardi Kendari,Luar Jawa,-3.97,122.51,alamat_minim
300,Sulawesi Tenggara,Kolaka Timur,Woha,Yayasan Bowo Garuda Indonesia,Luar Jawa,-3.95,121.85,alamat_minim
301,Sulawesi Tenggara,Muna Barat,Barangka,Arman Hasa,Luar Jawa,-4.85,122.55,alamat_minim
302,Sulawesi Utara,Bolaang Mongondow,"Jl. Trans Sulawesi, Desa Kosio, Kec. Dumoga Tengah, Bolaang Mongondow",-,Luar Jawa,0.75,124.1,yayasan_kosong
303,Sulawesi Utara,Bolaang Mongondow Utara,"Jln. Trans Sulawesi, Desa Tombulang Timur Kec. Pinogaluman Bolmut",-,Luar Jawa,0.8,123.5,yayasan_kosong
304,Sulawesi Utara,Kotamobagu,"Jl. Adampe Dolot, Kelurahan Mogolaing Kec. Kotamobagu Barat",-,Luar Jawa,0.73,124.32,yayasan_kosong
305,Sumatera Barat,Kota Payakumbuh,"Jalan Raya Gajah Mada Lingkar Utara, Koto Baru",-,Luar Jawa,-0.22,100.63,yayasan_kosong
306,Sumatera Barat,Pesisir Selatan,"Kampung Luhung, Nagari Pasar Baru, Bayang, Pesisir Selatan",Yayasan Tuah Cipta Berdaya,Luar Jawa,-1.35,100.58,
307,Sumatera Selatan,Banyuasin,Jl. Thalib Wali No.03-04 Rt.10 Rw.04 Pangkalan Balai Banyuasin Iii Banyuasin,Yayasan Al Fatih Center Banyuasin,Luar Jawa,-2.75,104.37,
308,Sumatera Selatan,Ogan Komering Ilir,"Perumahan Palem Agung, Kel.Kutaraya Rt.011",Yayasan Sahabat Pelangi,Luar Jawa,-3.39,104.83,
309,Sumatera Selatan,Ogan Komering Ulu,"Jln. Imam Bonjol, Simpang 3 Lekis, Rt018/Rw006",Yayasan Sahabat Pelangi,Luar Jawa,-4.13,104.17,
310,Sumatera Selatan,Palembang,Jl.Sukawinatan Rt.68 Rw.10 No.94,Yayasan Pendidikan Gani Nusantara,Luar Jawa,-2.98,104.76,
311,Sumatera Utara,Deli Serdang,Jl. M. Yusuf Jintan Desa Percut,Yayasan Cahaya Semesta Bersama,Luar Jawa,3.55,98.87,
312,Sumatera Utara,Asahan,"Jl. Merpati, Gambir Baru, Kisaran Timur, Asahan,",Yayasan Insan Mandiri Berkemajuan,Luar Jawa,2.98,99.62,
313,Sumatera Utara,Kota Binjai,"Jl. T. Amir Hamzah, Jalan Pinus Lingkungan V, Kel. Jati Utomo",Yayasan Cahaya Semesta Bersama,Luar Jawa,3.6,98.49,
314,Sumatera Utara,Kota Medan,"Jl. Perbatasan, Kelurahan Siti Rejo Ii",Yayasan Cahaya Semesta Bersama,Luar Jawa,3.59,98.67,
315,Sumatera Utara,Nias,"Jl. Gunung Sitoli, Tulumbaho, Kec Gido, Nias",Yayasan Insan Mandiri Berkemajuan,Luar Jawa,1.28,97.6,